515 E Peltason Dr -> 519 E Peltason Dr -> 525 E Peltason Dr -> 101 Gabrielino Dr -> 401 Gabrielino Dr -> 201 Gabrielino Dr -> 601 Gabrielino Dr -> 701 Gabrielino Dr -> 1 Murasaki St -> 3 Murasaki St -> 5 Murasaki St -> 7 Murasaki St -> 9 Murasaki St -> 11 Murasaki St -> 2 Twain -> 17 Murasaki St -> 19 Murasaki St -> 21 Murasaki St -> 6 Fuertes -> 4 Fuertes -> 4 Twain -> 2 Fuertes -> 8 Twain -> 8 Frost -> 10 Frost -> 9 Fuertes -> 12 Frost -> 11 Fuertes -> 16 Frost -> 15 Fuertes -> 17 Fuertes -> 18 Frost -> 15 Frost -> 11 Frost -> 9 Frost -> 32 Twain -> 15 Zola Ct -> 14 Zola Ct -> 12 Zola Ct -> 8 Zola Ct -> 6 Zola Ct -> 10 Zola Ct -> 7 Virgil Ct -> 9 Virgil Ct -> 11 Virgil Ct -> 15 Virgil Ct -> 18 Virgil Ct -> 16 Virgil Ct -> 14 Virgil Ct -> 12 Virgil Ct -> 10 Virgil Ct -> 6 Virgil Ct -> 8 Virgil Ct -> 4 Virgil Ct -> 2 Urey Ct -> 24 Newton Ct -> 22 Newton Ct -> 18 Newton Ct -> 20 Newton Ct -> 14 Newton Ct -> 26 Mendel Ct -> 12 Newton Ct -> 16 Newton Ct -> 6 Urey Ct -> 4 Urey Ct -> 2 Virgil Ct -> 1 Virgil Ct -> 3 Virgil Ct -> 5 Virgil Ct -> 4 Zola Ct -> 2 Zola Ct -> 1 Zola Ct -> 3 Zola Ct -> 7 Zola Ct -> 5 Zola Ct -> 9 Zola Ct -> 11 Zola Ct -> 40 Urey Ct -> 30 Urey Ct -> 74 Whitman Ct -> 76 Whitman Ct -> 81 Whitman Ct -> 77 Whitman Ct -> 75 Whitman Ct -> 72 Whitman Ct -> 73 Whitman Ct -> 71 Whitman Ct -> 70 Whitman Ct -> 69 Whitman Ct -> 67 Whitman Ct -> 68 Whitman Ct -> 60 Whitman Ct -> 15 Whitman Ct -> 18 Whitman Ct -> 28 Urey Ct -> 24 Young -> 22 Young -> 26 Young -> 28 Young -> 16 Whitman Ct -> 17 Whitman Ct -> 20 Whitman Ct -> 18 Whistler Ct -> 20 Whistler Ct -> 24 Whistler Ct -> 22 Whistler Ct -> 26 Whistler Ct -> 25 Whistler Ct -> 5 Whistler Ct -> 7 Whistler Ct -> 10 Whistler Ct -> 14 Whistler Ct -> 16 Whistler Ct -> 12 Whistler Ct -> 8 Whistler Ct -> 26 McClintock Ct -> 22 McClintock Ct -> 18 McClintock Ct -> 14 McClintock Ct -> 10 McClintock Ct -> 12 Joyce Ct -> 14 Joyce Ct -> 16 Joyce Ct -> 18 Joyce Ct -> 18 Handel Ct -> 16 Handel Ct -> 14 Handel Ct -> 12 Handel Ct -> 12 Eliot Ct -> 14 Eliot Ct -> 16 Eliot Ct -> 32 Harvey Ct -> 27 Harvey Ct -> 25 Harvey Ct -> 23 Harvey Ct -> 28 Harvey Ct -> 26 Harvey Ct -> 24 Harvey Ct -> 22 Harvey Ct -> 21 Harvey Ct -> 20 Harvey Ct -> 18 Harvey Ct -> 17 Harvey Ct -> 15 Harvey Ct -> 16 Harvey Ct -> 14 Harvey Ct -> 30 Los Trancos Dr -> 24 Los Trancos Dr -> 26 Los Trancos Dr -> 28 Los Trancos Dr -> 22 Gibbs Ct -> 20 Gibbs Ct -> 16 Gibbs Ct -> 18 Gibbs Ct -> 14 Gibbs Ct -> 12 Gibbs Ct -> 10 Gibbs Ct -> 8 Gibbs Ct -> 17 Dickens Ct -> 15 Dickens Ct -> 11 Dickens Ct -> 1 Dickens Ct -> 3 Dickens Ct -> 6 Gibbs Ct -> 4 Gibbs Ct -> 2 Gibbs Ct -> 9 Gibbs Ct -> 7 Gibbs Ct -> 9 Dickens Ct -> 7 Dickens Ct -> 5 Dickens Ct -> 2 Dickens Ct -> 4 Dickens Ct -> 6 Dickens Ct -> 8 Dickens Ct -> 10 Dickens Ct -> 8 Curie Ct -> 14 Blake Ct -> 10 Blake Ct -> 12 Blake Ct -> 8 Blake Ct -> 4 Blake Ct -> 6 Blake Ct -> 2 Blake Ct -> 1 Alcott Ct -> 3 Alcott Ct -> 5 Alcott Ct -> 7 Alcott Ct -> 12 Curie Ct -> 12 Dickens Ct -> 14 Dickens Ct -> 16 Dickens Ct -> 19 Dickens Ct -> 20 Dickens Ct -> 22 Dickens Ct -> 24 Dickens Ct -> 18 Dickens Ct -> 14 Curie Ct -> 16 Curie Ct -> 18 Curie Ct -> 20 Curie Ct -> 22 Alcott Ct -> 18 Alcott Ct -> 20 Alcott Ct -> 24 Alcott Ct -> 9 Alcott Ct -> 2 Alcott Ct -> 4 Alcott Ct -> 6 Alcott Ct -> 8 Alcott Ct -> 10 Alcott Ct -> 12 Alcott Ct -> 16 Alcott Ct -> 14 Alcott Ct -> 18 Mendel Ct -> 20 Mendel Ct -> 22 Mendel Ct -> 24 Mendel Ct -> 18 Thompson Ct -> 16 Thompson Ct -> 14 Thompson Ct -> 26 Russell Ct -> 22 Russell Ct -> 24 Russell Ct -> 20 Russell Ct -> 16 Russell Ct -> 12 Russell Ct -> 8 Russell Ct -> 10 Russell Ct -> 139 Schubert Ct -> 14 Russell Ct -> 123 Schubert Ct -> 133 Schubert Ct -> 129 Schubert Ct -> 125 Schubert Ct -> 117 Schubert Ct -> 131 Schubert Ct -> 119 Schubert Ct -> 107 Schubert Ct -> 115 Schubert Ct -> 101 Schubert Ct -> 91 Schubert Ct -> 61 Schubert Ct -> 105 Schubert Ct -> 135 Schubert Ct -> 89 Schubert Ct -> 83 Schubert Ct -> 87 Schubert Ct -> 75 Schubert Ct -> 63 Schubert Ct -> 57 Schubert Ct -> 55 Schubert Ct -> 103 Schubert Ct -> 81 Schubert Ct -> 99 Schubert Ct -> 53 Schubert Ct -> 51 Schubert Ct -> 49 Schubert Ct -> 95 Schubert Ct -> 93 Schubert Ct -> 97 Schubert Ct -> 109 Schubert Ct -> 48 Schubert Ct -> 44 Schubert Ct -> 46 Schubert Ct -> 42 Schubert Ct -> 2 Russell Ct -> 4 Russell Ct -> 6 Russell Ct -> 1 Russell Ct -> 3 Russell Ct -> 5 Russell Ct -> 8 Thompson Ct -> 7 Russell Ct -> 9 Russell Ct -> 11 Russell Ct -> 12 Thompson Ct -> 10 Thompson Ct -> 6 Thompson Ct -> 4 Thompson Ct -> 2 Thompson Ct -> 127 Schubert Ct -> 137 Schubert Ct -> 2 Schubert Ct -> 6 Perkins Ct -> 8 Perkins Ct -> 10 Perkins Ct -> 14 Perkins Ct -> 16 Perkins Ct -> 18 Perkins Ct -> 20 Perkins Ct -> 22 Perkins Ct -> 24 Perkins Ct -> 26 Perkins Ct -> 28 Perkins Ct -> 30 Perkins Ct -> 12 Owen Ct -> 10 Owen Ct -> 8 Owen Ct -> 6 Owen Ct -> 2 Owen Ct -> 4 Owen Ct -> 1 Owen Ct -> 3 Owen Ct -> 5 Owen Ct -> 7 Owen Ct -> 9 Owen Ct -> 11 Owen Ct -> 15 Owen Ct -> 5 Gabrielino Dr -> 26 Gabrielino Dr -> 34 Gabrielino Dr -> 38 Gabrielino Dr -> 40 Gabrielino Dr -> 1 Twain -> 3 Twain -> 5 Twain -> 37 Gabrielino Dr -> 39 Gabrielino Dr -> 41 Gabrielino Dr -> 35 Gabrielino Dr -> 7 Twain -> 10 Twain -> 6 Frost -> 5 Fuertes -> 7 Fuertes -> 8 Fuertes -> 10 Fuertes -> 14 Fuertes -> 16 Fuertes -> 20 Fuertes -> 31 Murasaki St -> 29 Murasaki St -> 27 Murasaki St -> 18 Fuertes -> 25 Murasaki St -> 24 Murasaki St -> 22 Murasaki St -> 23 Murasaki St -> 20 Murasaki St -> 18 Murasaki St -> 16 Murasaki St -> 14 Murasaki St -> 12 Murasaki St -> 10 Murasaki St -> 8 Murasaki St -> 6 Murasaki St -> 4 Murasaki St -> 2 Murasaki St -> 801 Gabrielino Dr -> 901 Gabrielino Dr -> 1001 Gabrielino Dr -> 1101 Gabrielino Dr -> 515 E Peltason Dr -> 
